{"cameraMode":{"drawMode":0,"name":"Shaded","section":"Shading Mode"},"sceneLighting":false,"audioPlay":false,"sceneViewState":{"m_AlwaysRefresh":false,"showFog":true,"showSkybox":true,"showFlares":true,"showImageEffects":true,"showParticleSystems":true,"showVisualEffectGraphs":true,"m_FxEnabled":true},"in2DMode":false,"pivot":{"x":-0.15581779181957246,"y":0.17308461666107179,"z":0.25972944498062136},"rotation":{"x":-0.12563678622245789,"y":-0.11454729735851288,"z":0.014557288959622383,"w":-0.9853911399841309},"size":2.361624002456665,"orthographic":false}