{"cameraMode":{"drawMode":0,"name":"Shaded","section":"Shading Mode"},"sceneLighting":false,"audioPlay":false,"sceneViewState":{"m_AlwaysRefresh":false,"showFog":true,"showSkybox":true,"showFlares":true,"showImageEffects":true,"showParticleSystems":true,"showVisualEffectGraphs":true,"m_FxEnabled":true},"in2DMode":false,"pivot":{"x":0.007998883724212647,"y":0.9187983274459839,"z":0.43544912338256838},"rotation":{"x":0.00588275957852602,"y":0.9876565337181091,"z":-0.15210814774036408,"w":0.03802353888750076},"size":0.1878184974193573,"orthographic":false}